model,rhythm_diversity,repetition_ratio,pitch_histogram_similarity
markov_baseline,0.4537390128465179,0.0,0.6392533332995025
random_baseline,0.022660622692055137,0.0,0.9061979806522966
task1_ae,0.20625656167979,0.0,0.733994314696099
task2_vae,0.12913066459008127,0.0,0.9016044214512879
task3_transformer,0.34394904458598724,0.0021645021645021645,0.4461009203318314
task4_rlhf_after,0.5,0.0,0.3236240171551108
task4_rlhf_before,1.0,0.0,0.08101024541339052
unknown,0.2950580491163877,0.0,0.7376684683659431
