group,num_files,rhythm_diversity,repetition_ratio,pitch_histogram_similarity
after,10,0.358298482820808,0.06282803403493059,0.5301696173438699
before,10,0.39338862678945424,0.03578042328042329,0.5416482546284357
