model,rhythm_diversity,repetition_ratio,pitch_histogram_similarity
markov_baseline,0.5912440709469827,0.0,0.6268054790118704
random_baseline,0.023466337801831282,0.0,0.8896027572856194
task1_ae,0.8862026862026863,0.0,0.4476196585560417
task2_vae,0.08600146198830409,0.0,0.7964992747534789
task3_transformer,0.345153834911216,0.057706552706552706,0.536389790046284
task4_rlhf_after,0.5776595640943467,0.0,0.5298219008595487
unknown,0.5051349988648038,0.008257571235160032,0.5589001639691741
