model,rhythm_diversity,repetition_ratio,pitch_histogram_similarity
task3_transformer,0.345153834911216,0.057706552706552706,0.536389790046284
task4_rlhf_after,0.5776595640943467,0.0,0.5298219008595487
