{
  "total_epochs_trained": 50,
  "best_val_loss": 0.96744740329845,
  "best_val_perplexity": 2.63121943781378,
  "last_val_loss": 0.9688435042331832,
  "last_val_perplexity": 2.63489545117617,
  "epoch_range": [
    0,
    1,
    2,
    3,
    4,
    5,
    6,
    7,
    8,
    9,
    10,
    11,
    12,
    13,
    14,
    15,
    16,
    17,
    18,
    19,
    20,
    21,
    22,
    23,
    24,
    25,
    26,
    27,
    28,
    29,
    30,
    31,
    32,
    33,
    34,
    35,
    36,
    37,
    38,
    39,
    40,
    41,
    42,
    43,
    44,
    45,
    46,
    47,
    48,
    49
  ]
}