{
  "best_val_loss": 1.013466055790965,
  "best_val_perplexity": 2.7551339325830884,
  "last_val_loss": 1.013466055790965,
  "last_val_perplexity": 2.7551339325830884
}