{
  "total_epochs_trained": 30,
  "best_val_loss": 0.982246309900406,
  "best_val_perplexity": 2.6704481637019044,
  "last_val_loss": 0.982246309900406,
  "last_val_perplexity": 2.6704481637019044,
  "epoch_range": [
    0,
    1,
    2,
    3,
    4,
    5,
    6,
    7,
    8,
    9,
    10,
    11,
    12,
    13,
    14,
    15,
    16,
    17,
    18,
    19,
    20,
    21,
    22,
    23,
    24,
    25,
    26,
    27,
    28,
    29
  ]
}