step,mean_reward,loss
1,0.6494638919830322,-3.102020263671875
